NORMAL_AD_REF,NORMAL_AD_ALT,TUMOR_AD_REF,TUMOR_AD_ALT
65,0,39,31
39,1,25,7
38,0,18,15
38,0,25,35
20,0,9,7
66,2,41,31
65,0,53,49
55,0,49,45
42,0,20,19
63,0,31,33
28,0,16,11
46,0,22,18
32,0,37,32
36,0,26,22
46,0,12,10
48,0,41,35
51,0,2,26
63,0,60,5
9,0,0,23
6,0,0,15
47,0,21,25
43,0,15,20
46,0,17,25
32,0,30,34
43,59,0,2
29,0,5,5
28,0,18,10
48,0,24,34
22,5,3,46
50,0,0,48
35,63,0,4
48,0,17,18
34,0,26,8
48,0,0,44
46,0,23,27
43,0,26,28
50,0,3,35
41,0,8,12
31,0,13,14
41,0,16,29
33,0,21,30
55,0,45,24
54,0,44,31
39,0,17,12
52,0,45,33
36,0,23,7
30,0,0,58
19,0,9,9
42,0,23,21
35,0,13,15
26,0,26,34
46,0,37,34
51,0,34,35
36,0,9,3
35,0,12,11
15,0,14,9
23,0,13,8
45,1,9,10
27,0,0,39
72,0,49,43
82,0,45,40
41,0,22,32
42,0,34,35
37,0,43,30
16,0,26,39
53,0,36,32
43,1,21,5
34,0,10,10
51,0,36,36
54,0,44,45
42,0,1,50
29,0,20,16
46,1,11,32
41,0,33,32
40,0,36,38
23,0,14,14
50,0,35,38
22,19,0,3
49,0,25,27
37,0,0,8
39,0,12,3
24,0,15,12
25,0,11,21
47,0,5,13
25,0,7,10
34,0,0,19
55,0,0,41
49,0,32,18
47,0,48,26
49,0,36,32
39,0,65,51
52,0,27,20
28,0,30,21
53,0,26,16
34,0,56,54
40,0,45,40
62,0,44,83
37,0,43,7
24,0,23,17
25,0,26,28
46,0,0,37
41,0,0,42
31,1,22,27
21,0,6,13
47,0,36,38
50,0,55,30
43,0,0,53
30,1,35,12
47,0,45,43
45,0,30,25
41,0,18,18
22,0,29,39
47,0,27,23
37,0,47,44
41,0,22,30
50,86,0,9
48,1,44,44
52,1,35,39
55,0,22,27
41,0,47,22
39,1,22,15
49,1,50,48
25,0,1,34
40,0,0,57
49,0,40,30
33,0,17,27
23,0,8,7
55,1,39,25
37,1,33,31
19,0,0,26
40,0,31,29
27,0,67,16
33,0,48,40
24,0,77,30
35,0,24,21
41,0,12,22
24,0,17,17
45,0,22,13
53,0,20,7
40,0,0,45
52,0,34,14
25,0,0,13
59,0,28,21
41,0,0,38
33,0,0,39
179,0,239,107
54,0,45,36
37,0,11,25
37,0,29,19
43,0,28,33
33,0,30,27
44,0,18,37
49,0,33,37
39,0,25,40
42,64,0,5
33,0,0,38
32,0,0,31
33,0,19,30
46,0,28,39
48,0,29,35
35,0,19,12
21,0,15,4
40,0,21,12
47,0,49,41
35,0,0,48
45,0,17,14
32,0,97,40
18,0,16,21
44,0,19,29
28,0,44,40
51,0,29,37
30,0,9,4
43,0,27,15
43,0,0,33
38,0,0,32
47,0,0,65
25,0,0,70
38,0,66,4
38,0,0,45
42,0,0,52
51,0,31,28
48,0,0,51
19,0,27,13
31,0,23,37
41,0,25,13
49,0,0,25
43,0,12,19
29,0,25,26
42,0,0,79
32,0,15,15
30,0,18,20
49,0,20,16
31,0,15,13
26,0,12,14
19,4,0,19
29,0,15,15
30,0,14,10
36,1,50,33
30,0,30,20
51,1,22,23
20,0,8,13
56,50,0,8
55,0,11,15
56,0,12,17
58,0,15,15
43,0,17,13
37,0,17,15
50,0,31,40
35,0,0,72
20,0,0,19
56,0,31,34
21,25,0,2
19,24,0,2
40,0,24,28
38,0,40,28
41,0,0,85
20,0,20,16
35,0,0,29
35,0,0,29
26,1,15,18
39,82,0,8
31,0,21,14
30,0,9,14
29,0,9,4
40,0,43,50
40,0,26,50
45,0,36,29
52,0,67,4
39,0,29,31
57,0,40,41
56,0,47,35
29,0,10,16
21,1,0,8
47,1,21,30
35,57,0,8
31,0,28,2
55,54,0,2
23,0,1,15
42,0,43,35
39,0,17,9
39,0,10,16
39,0,31,28
41,0,33,39
48,0,35,41
34,0,33,24
46,0,0,83
35,0,18,25
25,3,0,20
19,0,0,27
34,1,14,10
29,1,7,12
26,51,0,3
45,0,41,47
38,0,38,26
18,0,8,9
17,0,2,6
44,0,11,20
35,0,23,25
26,0,42,41
37,0,36,43
41,0,40,27
41,0,30,32
42,0,24,11
17,0,8,9
50,0,41,35
28,0,20,37
40,0,14,39
36,0,19,39
40,0,25,21
50,0,41,34
45,0,0,25
41,0,37,42
49,0,21,28
39,0,14,16
36,0,12,12
57,0,27,33
39,0,27,23
39,0,15,18
45,0,41,26
57,0,51,36
48,0,27,31
40,0,0,35
34,0,46,28
27,0,75,13
43,0,62,43
33,0,19,21
20,1,0,26
24,0,0,23
32,0,25,35
51,0,30,21
50,0,16,24
60,0,19,31
39,0,23,25
50,0,12,12
42,0,20,28
69,0,14,14
26,0,18,13
34,0,19,19
44,0,32,40
46,0,24,20
27,0,7,40
53,0,0,46
37,0,20,12
43,0,18,16
46,0,23,29
51,0,38,41
36,0,44,43
58,0,59,52
54,0,26,32
47,0,9,18
61,0,9,12
33,0,16,8
31,1,0,32
16,0,15,12
23,0,10,12
60,0,46,45
26,0,11,14
32,0,43,57
40,1,10,7
27,0,17,27
35,0,22,27
34,0,20,20
39,0,54,37
24,0,6,14
18,0,19,13
31,0,23,20
32,0,0,75
28,0,12,8
41,0,17,23
54,0,15,19
54,0,15,19
40,0,18,12
30,0,15,13
20,0,9,16
40,0,14,15
20,0,9,17
44,0,14,26
32,0,14,13
18,0,18,7
63,0,41,51
50,0,0,62
72,0,22,13
43,0,27,29
56,2,0,56
29,0,0,62
38,0,55,32
62,0,17,45
43,0,27,31
40,0,23,20
36,0,15,15
27,0,4,14
25,0,21,21
51,0,13,17
24,0,0,35
26,41,0,3
39,1,34,16
30,0,12,16
39,0,31,37
59,2,0,99
30,0,0,32
26,0,11,29
34,1,9,7
29,0,7,9
15,0,8,8
37,1,27,34
39,0,35,35
57,0,40,48
29,0,22,30
53,0,0,77
26,0,18,17
23,0,16,15
43,0,13,24
26,0,16,12
21,0,15,12
55,1,26,35
34,0,10,13
24,0,17,31
21,0,0,29
52,1,40,36
40,0,23,36
42,0,39,43
19,1,16,21
29,0,6,10
33,0,16,7
33,0,8,16
38,0,0,108
64,0,46,38
38,0,42,26
48,0,45,39
45,0,0,63
60,0,30,30
41,0,37,36
23,0,3,9
39,0,16,18
46,0,49,48
25,27,0,2
36,0,23,16
33,0,21,20
42,1,16,29
27,0,6,13
38,0,26,14
43,0,25,39
60,0,0,42
32,0,0,20
15,0,0,22
15,0,0,23
15,0,0,23
30,0,17,6
41,0,0,14
23,0,58,57
41,0,57,51
43,0,55,53
25,2,0,8
41,0,41,34
46,0,48,27
54,0,50,43
51,0,36,31
34,0,8,15
46,0,38,35
38,0,0,28
41,0,0,25
42,0,0,26
37,0,8,19
41,0,0,27
30,44,0,6
50,0,35,28
46,0,33,18
59,0,50,56
52,0,61,73
66,1,44,40
60,0,32,38
62,0,49,44
52,0,1,85
39,0,30,31
48,0,10,15
37,0,28,37
44,0,48,34
57,0,0,41
40,0,20,23
34,0,13,16
56,0,31,36
41,0,20,18
48,0,12,21
33,0,22,15
37,0,10,18
47,0,50,51
44,0,7,18
32,0,16,17
36,0,24,29
51,0,19,17
57,0,38,25
57,3,28,27
19,0,18,21
41,0,26,32
22,0,26,25
32,1,0,37
38,0,41,42
36,0,42,39
37,0,39,34
36,0,18,15
33,0,14,18
29,1,23,34
34,0,0,85
34,0,1,96
28,0,18,9
34,0,9,8
52,0,41,32
27,0,25,19
41,0,39,30
36,1,14,12
21,0,12,9
27,0,9,10
25,0,9,11
46,0,17,15
47,0,19,17
49,0,0,56
36,0,25,26
36,0,10,5
42,0,14,8
46,0,13,17
33,33,0,4
37,0,15,21
51,0,24,28
35,0,35,43
42,1,55,46
44,0,35,38
31,0,35,51
55,0,37,43
35,0,49,34
53,0,0,46
56,0,1,67
25,0,15,13
19,0,0,21
28,0,13,9
44,0,23,30
54,0,33,36
74,0,0,74
40,0,3,77
37,0,17,10
43,0,33,38
25,0,7,17
54,1,39,35
56,0,0,75
45,0,39,35
53,0,39,37
31,0,28,19
36,0,0,51
22,0,17,5
45,1,29,37
39,0,19,9
41,0,31,41
51,0,0,55
33,0,0,88
61,0,30,28
49,0,23,35
44,1,17,19
34,0,43,19
43,0,50,33
36,0,28,15
49,0,127,40
28,0,46,50
36,0,21,32
42,0,38,26
30,0,19,34
39,0,31,33
28,1,12,12
45,0,58,32
52,1,32,5
39,0,45,2
47,0,30,39
27,0,16,18
33,0,23,15
25,0,11,10
25,0,15,11
34,0,20,18
55,0,48,76
48,0,41,37
62,0,53,33
42,0,24,34
50,0,0,71
33,0,0,22
30,1,0,10
77,1,33,14
52,0,26,21
59,0,22,25
35,0,14,16
54,0,30,25
45,0,23,13
34,0,36,14
44,0,12,21
37,0,28,41
38,0,20,27
42,0,46,38
40,0,62,41
24,0,37,38
29,0,25,22
18,0,10,9
33,0,38,32
23,0,0,37
45,0,35,37
46,1,24,29
27,0,16,19
39,0,41,42
40,0,31,38
46,5,11,19
53,0,0,4
25,0,20,37
52,0,22,27
26,0,86,77
21,0,24,26
20,0,33,33
51,0,30,19
32,0,66,45
53,0,42,39
43,0,32,21
41,2,35,30
40,0,28,16
46,0,42,49
33,29,0,2
46,0,32,29
48,0,15,21
35,0,36,28
52,0,0,74
29,0,11,15
49,0,25,23
48,0,38,38
44,0,35,28
35,0,18,13
41,0,25,24
56,0,46,29
54,0,20,13
38,0,14,14
49,0,33,42
42,0,16,20
31,0,23,27
41,0,18,26
42,0,24,27
41,0,24,27
24,0,9,7
31,0,6,10
32,0,10,6
31,0,11,15
38,0,10,18
47,0,35,47
56,0,28,31
48,0,43,26
31,0,26,21
57,0,17,33
41,0,30,20
39,0,38,69
34,0,0,65
46,0,0,64
37,0,32,33
35,0,20,18
58,1,19,21
36,1,0,71
30,0,13,16
53,0,45,41
25,0,10,10
22,0,14,12
30,0,12,9
52,0,28,29
51,0,29,24
55,0,38,31
40,0,23,32
34,0,31,44
30,0,0,19
48,0,0,29
28,2,7,8
25,0,10,6
35,0,0,42
40,0,21,31
44,0,14,10
37,0,10,13
33,0,11,11
33,0,0,25
45,0,38,31
37,0,33,45
38,0,16,5
23,0,31,27
46,0,55,36
45,0,40,48
16,0,0,16
28,0,16,10
19,0,1,53
35,0,20,36
53,0,28,36
40,0,39,49
37,0,20,18
52,0,59,32
27,0,20,27
40,0,48,15
35,0,51,26
46,1,47,40
25,0,18,17
19,0,9,8
22,0,10,3
51,0,19,14
39,0,36,23
50,0,26,21
37,0,30,27
61,0,34,40
35,0,43,40
44,0,0,18
37,0,22,23
47,0,20,9
27,0,24,8
26,0,17,20
31,0,11,18
34,0,7,31
33,0,46,8
34,0,19,6
49,0,14,19
65,0,7,10
55,0,6,4
62,0,9,8
30,1,0,23
36,0,7,5
32,0,10,9
31,0,8,6
41,0,32,36
31,0,29,25
31,0,26,31
19,1,19,17
45,0,3,32
67,0,31,35
32,0,9,17
45,0,18,4
18,0,0,18
37,0,1,25
39,0,0,12
34,0,28,23
44,0,23,21
47,0,19,16
36,0,25,21
44,0,27,38
36,0,17,12
42,0,45,57
36,0,35,25
45,0,25,15
34,0,8,9
52,0,0,56
53,0,49,44
43,0,34,26
37,0,0,51
22,0,19,17
43,0,16,19
56,0,17,25
34,0,26,29
48,0,14,13
42,0,21,31
44,0,48,46
43,0,0,61
33,0,35,26
51,0,73,29
32,1,17,24
23,0,29,8
53,0,0,33
32,0,18,21
37,1,14,11
28,1,12,9
36,0,19,18
31,0,32,17
31,0,32,17
61,0,32,26
46,0,38,57
33,0,43,34
33,0,45,34
34,0,40,6
45,0,45,53
60,0,26,20
31,0,24,15
29,0,8,6
28,0,4,7
35,0,0,17
42,0,15,17
41,0,23,24
45,0,19,27
37,0,30,35
23,0,21,25
38,0,14,8
35,25,0,3
29,0,8,10
26,0,16,20
45,0,23,26
13,0,0,31
25,2,0,37
49,0,10,16
41,0,27,10
46,0,18,13
45,0,33,33
37,0,39,46
47,0,23,32
44,0,31,32
39,0,38,41
65,0,20,20
48,0,40,25
33,0,20,8
29,0,12,10
47,0,24,22
28,1,43,32
51,0,28,19
52,0,35,29
25,0,32,34
15,26,0,2
39,0,22,17
47,64,0,7
45,0,0,61
39,0,27,39
47,0,31,32
55,0,43,40
27,0,30,21
57,0,39,27
51,0,6,9
47,0,0,69
52,0,36,38
33,0,33,34
43,0,58,36
21,0,11,14
37,0,28,32
33,0,6,12
33,1,27,36
35,0,29,37
31,0,34,34
33,0,34,33
49,0,39,57
34,0,12,10
69,92,1,4
49,0,0,78
32,0,24,20
59,0,69,53
46,0,39,37
21,0,13,3
29,22,0,4
51,0,34,22
34,0,22,38
24,0,52,33
33,0,58,7
36,0,53,15
17,0,10,11
41,0,45,38
27,0,31,14
36,0,9,8
54,0,10,11
45,0,35,31
48,0,75,35
62,0,41,41
43,0,22,29
35,0,19,33
60,0,37,26
54,0,20,23
63,0,26,25
41,0,25,25
28,0,54,25
14,38,0,16
21,0,12,20
32,0,19,12
47,0,27,39
42,0,25,26
39,0,45,31
30,0,24,17
41,0,35,33
49,0,0,90
46,0,40,4
33,0,12,8
26,0,9,6
60,0,37,44
61,0,38,39
39,0,33,19
34,0,9,22
37,0,11,15
32,0,14,26
40,0,33,37
19,0,21,10
34,0,15,14
45,0,61,2
45,0,44,28
39,30,0,4
35,0,37,26
42,0,33,23
23,17,0,2
38,0,23,13
38,0,24,28
37,0,10,18
50,0,0,91
55,0,31,26
47,0,2,27
29,0,28,22
38,0,33,2
60,0,22,22
23,0,14,13
29,0,18,26
33,0,0,39
28,0,0,43
23,0,30,25
43,0,31,38
51,0,58,70
52,0,36,35
37,0,27,19
39,0,28,28
40,0,17,32
11,0,0,19
33,0,21,4
32,0,13,15
37,0,44,40
34,0,18,13
34,0,18,16
36,1,32,21
36,1,8,17
19,0,9,6
28,0,5,12
41,1,33,23
15,27,0,3
39,0,15,16
26,0,16,20
37,0,34,26
27,0,11,3
28,0,12,7
71,12,0,10
27,0,40,41
46,1,42,35
50,0,30,26
43,0,28,32
48,0,35,34
36,0,29,20
33,0,15,6
40,0,9,12
33,0,14,7
36,1,15,16
26,0,11,9
48,1,46,44
41,0,34,25
44,1,32,29
28,0,17,10
66,78,0,5
15,0,10,13
35,2,8,5
32,0,34,37
41,0,0,73
39,0,53,50
40,0,1,33
42,0,12,24
29,0,16,14
32,0,14,16
58,0,56,58
53,0,37,48
18,0,24,20
47,0,21,16
40,0,47,7
39,0,10,11
35,0,10,9
20,0,10,17
41,43,0,4
40,0,0,94
37,0,43,31
37,1,16,9
68,0,47,23
144,0,110,21
50,0,29,26
33,0,22,43
32,35,0,3
38,0,45,38
34,0,33,19
61,0,39,32
45,0,19,11
53,0,8,4
44,0,6,25
54,0,1,44
22,0,17,18
25,0,17,21
46,0,25,19
25,0,4,4
31,0,20,17
54,0,25,20
36,0,0,16
45,0,22,24
21,0,9,10
44,0,40,45
32,0,14,18
71,0,24,30
49,0,32,39
18,0,11,9
54,0,40,44
33,0,16,17
50,0,15,28
49,60,0,5
26,45,0,4
39,0,28,19
55,0,24,40
27,0,1,48
41,0,33,33
41,0,31,18
22,1,10,4
51,0,18,16
35,0,15,23
41,0,17,11
45,1,33,27
52,0,37,32
43,0,39,25
28,0,11,16
37,0,15,22
29,0,22,22
50,0,15,24
40,0,25,22
68,0,34,40
36,1,9,7
35,0,39,45
64,0,50,44
40,0,0,68
30,0,0,73
44,1,22,28
32,0,23,12
36,0,26,15
31,0,14,20
32,0,15,21
40,0,9,10
49,1,37,28
37,0,35,31
48,0,34,34
37,0,0,15
50,0,48,31
41,0,1,13
43,0,3,29
37,1,11,14
39,32,0,3
62,0,57,72
32,0,13,8
17,0,10,6
40,0,11,5
33,0,19,17
31,1,21,18
55,0,24,19
47,0,34,25
37,0,23,18
46,0,27,31
45,0,44,50
38,2,39,48
57,0,0,35
34,0,28,23
36,0,25,29
39,1,21,20
40,1,19,24
53,0,0,70
35,0,21,24
26,1,18,10
49,0,24,11
36,0,33,22
39,0,43,28
30,0,9,7
48,0,8,12
34,0,7,15
32,0,4,5
33,0,10,9
45,0,17,12
19,0,0,13
53,0,24,15
37,0,24,33
44,0,32,33
37,0,22,46
34,0,28,50
20,0,5,3
15,0,1,12
41,0,2,3
34,0,37,34
42,0,52,42
42,0,52,43
49,0,44,48
50,1,43,66
37,0,56,7
38,0,58,39
41,0,49,35
34,0,39,11
32,0,31,13
31,0,30,13
31,0,34,14
30,0,14,31
48,0,27,37
23,0,1,20
26,0,1,16
24,0,0,3
17,0,3,11
25,0,1,15
23,0,22,35
22,0,39,7
42,0,19,27
42,0,19,27
43,1,8,18
42,0,0,101
55,0,0,61
31,0,0,42
29,0,0,23
51,0,96,3
28,0,34,34
49,0,12,19
45,0,15,23
35,0,0,60
34,0,22,19
36,0,24,30
39,0,28,29
60,0,29,32
46,0,12,12
36,0,11,13
20,57,0,4
34,0,44,30
64,0,32,27
37,0,30,24
49,0,18,8
40,0,34,18
15,0,11,8
37,0,0,60
39,0,0,44
34,0,0,30
33,2,15,15
36,0,0,21
36,0,0,29
34,0,43,55
30,0,66,27
28,0,22,58
44,0,0,70
48,0,0,66
58,0,26,19
24,0,26,12
37,0,20,21
59,0,25,20
37,0,22,23
46,1,29,34
43,0,25,23
47,0,28,43
44,0,24,23
43,0,32,32
48,0,25,49
39,0,26,25
39,0,25,22
56,0,51,45
31,13,0,2
39,1,35,27
44,0,36,44
42,0,17,23
24,0,3,14
28,0,18,7
38,0,22,18
47,0,11,22
63,0,2,7
45,0,0,12
43,0,26,20
49,0,27,26
28,0,46,48
50,0,62,21
56,0,61,18
68,0,63,20
50,1,3,8
36,0,1,10
41,0,40,12
40,0,40,12
45,0,31,6
39,0,32,19
45,0,0,24
30,0,41,43
46,0,41,45
37,0,43,42
31,0,32,31
29,0,39,30
39,0,40,49
40,0,79,17
39,0,84,18
43,0,87,12
33,0,23,38
39,0,28,26
47,0,37,21
43,0,48,36
35,0,15,6
46,0,31,20
38,0,12,30
51,0,40,18
47,1,27,20
35,1,38,34
38,1,27,37
23,0,19,19
41,0,50,10
41,0,51,10
21,0,47,26
23,0,50,30
37,0,52,7
57,68,0,4
35,0,50,50
46,0,21,22
47,0,23,11
21,0,9,7
19,0,17,10
62,0,19,17
41,0,13,20
52,0,33,25
47,0,6,12
50,0,13,7
50,0,15,10
28,0,37,21
35,1,9,8
43,0,34,26
43,0,50,65
63,1,16,20
32,0,8,7
44,0,29,9
26,7,0,2
26,7,0,2
53,4,0,5
53,4,0,5
29,0,6,23
29,0,6,23
28,0,6,23
28,0,6,23
40,0,28,30
13,0,0,19
40,0,16,22
40,64,0,6
41,0,0,67
54,0,13,23
55,0,41,49
17,0,58,23
35,0,18,10
14,0,5,14
25,0,0,45
29,0,17,30
35,0,32,28
35,0,12,5
36,0,0,43
39,0,18,19
44,0,29,31
57,0,26,20
27,0,4,5
42,0,40,31
39,0,4,2
35,1,14,4
42,0,43,42
53,0,38,46
46,0,39,35
41,0,26,22
39,1,13,24
48,0,0,141
39,0,34,28
54,0,17,22
45,0,7,14
27,0,9,10
23,0,11,11
58,0,38,12
47,0,33,21
36,0,31,25
43,0,14,10
42,0,11,13
38,0,36,47
34,0,16,14
32,0,0,26
56,0,59,74
21,0,4,2
38,0,1,63
38,0,12,10
36,0,21,19
48,0,23,32
36,0,14,28
27,0,17,6
27,0,35,39
28,0,14,8
24,0,14,20
32,0,30,21
42,0,27,20
36,0,100,50
37,0,43,48
33,0,63,32
46,0,0,26
55,0,0,73
29,0,14,17
42,0,16,16
29,0,27,22
35,0,20,28
38,0,1,69
48,1,46,68
23,0,14,20
43,0,21,21
55,0,14,15
47,0,237,17
41,0,38,49
35,0,51,39
45,0,33,32
34,0,45,32
34,0,0,45
53,54,0,5
37,0,0,68
53,0,33,34
41,0,39,23
52,0,0,70
60,0,30,43
41,0,53,52
17,0,33,23
37,0,49,32
15,0,9,12
25,0,6,18
36,0,23,19
35,0,23,30
45,53,1,4
30,0,8,15
63,0,28,21
39,0,11,17
54,1,35,47
58,0,48,51
45,0,36,34
41,0,24,31
38,35,0,5
41,0,33,36
54,0,28,27
55,1,27,26
35,0,31,32
45,0,11,12
31,0,22,12
24,1,8,5
41,0,19,16
43,1,13,22
38,0,39,46
41,0,15,25
42,0,18,27
28,0,31,38
52,0,13,13
45,0,0,55
33,0,17,19
46,0,0,110
26,0,14,15
49,0,41,4
31,0,48,28
41,0,43,36
25,0,39,51
61,0,62,47
33,0,21,16
28,0,22,18
56,0,28,30
50,0,45,38
26,1,15,15
16,1,50,17
34,1,35,37
30,0,33,34
26,0,10,18
56,0,61,53
57,0,28,39
54,0,49,25
36,0,38,46
44,0,23,30
34,0,43,37
49,0,71,26
29,0,14,25
38,0,33,44
45,0,29,21
51,0,47,9
33,0,18,32
31,0,23,17
31,0,24,24
35,0,14,18
21,0,7,12
30,0,18,12
18,0,4,16
42,0,26,28
27,0,35,32
41,0,27,28
28,77,0,3
28,78,0,3
47,0,57,52
28,2,24,20
39,0,0,70
43,0,43,28
37,1,36,28
12,0,26,19
40,0,54,40
33,0,39,37
21,0,22,15
22,0,12,12
41,0,16,21
45,0,20,24
25,0,44,54
23,0,30,51
35,0,48,27
53,1,0,70
44,0,37,31
41,0,30,23
23,0,11,18
50,0,40,41
47,0,20,23
55,0,22,23
40,0,30,55
44,0,28,28
24,0,16,17
38,0,31,45
44,0,19,16
40,0,35,29
40,0,36,32
40,0,34,28
34,0,26,39
50,0,29,25
40,0,18,17
46,0,1,115
19,0,58,22
21,0,49,10
33,0,36,29
34,0,40,38
34,0,12,12
40,0,28,31
39,0,55,5
35,0,26,25
67,0,46,26
27,1,0,38
31,0,0,26
37,15,0,2
41,0,3,26
26,0,0,46
34,50,0,4
41,0,34,35
45,0,11,11
29,0,13,20
19,0,11,4
41,0,7,9
28,2,14,9
28,1,14,9
30,0,36,29
30,0,16,12
36,0,46,31
24,0,25,32
43,0,23,16
32,0,32,45
30,0,16,23
37,0,1,34
39,0,39,37
28,0,14,14
46,0,44,38
48,0,54,51
55,0,22,15
38,0,9,47
29,0,18,29
40,0,19,14
34,0,28,9
23,1,10,9
31,1,52,45
33,0,10,8
29,0,8,20
41,0,18,32
35,1,25,24
35,0,23,20
35,0,37,30
36,0,33,35
58,0,38,40
37,0,45,40
39,0,19,24
34,0,20,22
31,0,56,5
49,0,0,55
54,0,0,45
23,0,8,5
43,0,28,18
85,0,48,63
27,0,36,27
45,0,10,8
29,0,18,21
46,0,14,30
34,0,0,23
32,0,0,25
24,0,14,15
34,0,0,39
37,0,14,11
21,0,7,7
41,0,18,26
42,0,30,23
47,0,41,24
45,0,29,42
41,0,18,11
27,0,14,9
38,0,12,15
44,0,14,13
54,1,17,9
48,0,23,19
41,0,54,34
29,0,19,17
32,0,17,16
52,0,13,26
34,0,26,24
42,0,20,27
41,0,0,47
39,14,0,30
37,0,31,34
27,0,31,42
40,0,9,6
12,0,9,5
22,0,2,17
27,0,0,12
31,0,0,27
15,0,0,18
13,0,0,11
46,0,27,34
27,1,0,15
31,0,35,48
46,0,15,21
61,2,38,25
20,0,13,18
44,0,27,25
52,0,0,74
45,0,0,67
32,0,0,50
48,0,0,35
50,0,46,48
23,0,0,30
12,0,0,46
50,0,35,29
34,0,56,41
45,21,0,2
18,0,10,4
40,0,21,8
38,0,22,9
44,0,21,24
45,0,20,20
42,0,0,41
46,0,14,12
36,0,32,30
45,0,29,30
57,0,22,27
41,0,63,15
31,0,5,8
21,0,10,7
86,0,61,15
79,0,48,20
50,0,33,22
57,0,35,44
39,0,23,25
32,0,14,33
29,0,59,50
40,1,30,29
38,0,19,23
42,0,46,34
39,0,35,37
49,0,58,30
30,0,0,26
31,0,45,33
56,0,44,47
47,0,16,13
44,0,21,13
22,0,14,13
41,0,19,12
47,0,12,22
32,2,11,11
55,0,14,12
57,0,13,13
41,0,24,19
26,0,13,12
51,0,39,41
16,0,0,23
44,1,37,38
46,0,0,78
30,0,27,27
44,0,32,29
48,0,39,27
44,0,0,51
47,0,47,69
21,1,15,10
21,0,13,14
16,0,0,5
21,0,12,11
36,0,19,28
27,0,8,8
15,0,11,20
39,0,23,23
38,0,13,13
55,0,38,48
26,0,42,38
32,0,13,16
40,0,18,13
37,0,33,29
25,0,33,21
24,0,28,17
20,0,7,14
53,0,43,40
39,0,31,39
38,0,23,12
32,0,28,29
33,50,0,3
34,0,0,88
35,0,113,28
46,0,134,29
43,0,127,32
33,0,0,38
30,0,20,20
40,1,22,15
37,0,18,25
34,0,19,21
29,0,0,33
55,0,17,22
59,0,21,12
54,0,15,19
62,0,16,24
41,0,14,22
37,0,17,26
28,0,30,28
23,0,12,10
41,0,19,19
37,0,12,17
29,0,6,6
44,0,10,8
35,24,0,3
39,0,35,27
60,0,21,18
48,0,27,35
41,0,0,19
50,0,31,31
42,0,25,24
53,0,43,39
34,0,60,45
31,0,0,29
34,0,14,14
41,0,12,13
34,0,31,30
53,0,31,34
42,0,53,76
42,76,0,4
37,0,46,38
28,0,21,22
47,0,25,21
41,48,0,4
50,0,41,48
43,0,22,24
29,0,0,37
19,0,27,16
55,0,25,30
39,0,31,27
47,0,20,27
21,0,16,12
32,0,23,27
19,0,8,16
23,0,0,26
42,0,9,18
43,0,21,17
47,0,20,26
49,0,27,40
25,1,1,70
29,0,14,10
46,0,40,48
38,0,18,9
49,0,44,29
59,0,16,20
47,0,1,67
42,24,0,3
22,0,7,8
24,0,5,12
38,0,18,19
39,0,21,22
28,0,53,37
43,0,9,11
61,0,47,40
46,0,17,6
31,0,0,78
48,0,31,36
42,67,0,3
46,0,0,48
41,0,1,42
37,0,33,7
35,0,8,63
36,0,34,18
28,0,12,8
37,0,19,42
25,0,17,57
321,2,66,14
40,0,12,15
53,0,11,7
40,0,7,56
251,0,97,26
36,0,18,23
54,0,24,5
28,0,20,12
44,0,20,21
32,0,27,22
37,0,16,10
34,0,11,14
49,0,16,31
47,0,14,20
33,0,19,9
21,0,9,14
41,0,25,5
42,1,34,8
38,0,14,17
39,0,30,13
43,0,33,22
36,0,36,10
36,0,30,13
35,0,34,9
30,0,27,19
39,0,28,27
30,0,26,20
157,0,57,7
51,26,0,11
54,46,0,3
87,0,36,14
37,0,14,8
36,0,13,7
26,3,0,14
18,0,13,5
38,0,10,9
35,8,0,21
25,1,12,10
30,1,9,6
25,0,11,10
26,0,9,9
24,0,11,10
32,0,20,20
31,0,12,8
24,0,7,7
21,0,17,18
57,0,14,2
33,0,16,6
18,0,10,5
22,0,13,8
32,0,18,7
43,0,21,5
34,0,9,4
27,0,8,10
17,0,13,5
44,0,9,11
28,0,11,11
35,0,25,5
33,0,13,8
24,0,0,13
28,0,26,5
36,1,10,4
36,0,20,6
34,0,5,11
24,0,11,9
43,0,21,11
35,0,17,10
25,0,22,9
28,0,2,7
22,0,13,5
33,0,9,5
27,0,17,5
30,0,9,10
27,1,6,11
27,0,6,13
28,0,8,7
24,0,23,6
24,0,17,13
34,0,9,6
26,0,22,4
27,0,0,17
43,0,7,5
44,0,6,7
22,0,12,7
37,0,10,8
27,0,16,14
33,0,2,7
29,0,8,7
24,0,12,4
19,0,23,7
44,0,16,7
26,0,9,10
40,0,4,7
21,0,24,7
25,0,15,8
20,0,10,11
52,0,27,7
25,0,0,31
130,0,87,15
64,0,20,9
126,3,58,17
22,0,32,14
37,0,35,48
38,0,9,10
23,0,14,5
31,0,13,11
35,0,0,69
57,0,45,44
29,1,0,13
51,1,54,37
39,1,15,11
49,1,34,26
33,0,72,4
18,0,4,5
30,0,55,45
46,0,0,169
28,192,0,6
42,0,10,10
55,0,30,34
38,0,35,49
37,0,14,15
49,0,22,32
42,0,7,16
46,0,0,52
25,0,0,22
37,0,27,14
40,0,22,17
48,0,26,21
42,0,30,33
29,0,13,19
33,1,11,8
39,0,54,5
26,1,16,21
41,0,14,21
38,0,23,13
29,0,13,9
54,0,0,81
63,0,26,45
57,0,53,46
18,0,25,11
61,0,30,26
42,0,19,40
57,0,24,23
38,0,13,12
23,0,0,46
36,0,12,29
38,0,29,15
34,0,15,26
43,0,4,35
15,20,0,2
27,0,10,16
26,0,54,49
29,0,43,28
41,0,14,21
35,0,19,9
42,0,99,5
34,0,27,6
29,0,40,12
29,0,41,11
27,0,18,17
48,0,25,17
50,0,21,31
28,0,27,16
56,1,69,22
36,0,18,17
33,3,44,40
40,0,20,17
33,0,27,20
32,0,26,25
37,0,38,43
60,0,29,26
36,1,33,19
31,0,4,6
33,0,35,22
46,0,37,42
24,0,19,19
17,0,0,41
49,0,40,50
46,0,41,24
49,0,35,14
26,0,13,12
18,0,10,11
50,0,53,44
52,1,52,46
49,0,22,30
65,0,30,26
53,1,44,34
35,0,17,7
35,0,26,13
51,0,18,30
37,0,14,11
41,1,29,22
29,0,15,13
46,0,24,24
44,0,30,32
35,0,15,9
37,0,12,16
48,0,5,5
39,0,44,48
53,0,47,41
41,0,36,39
47,0,35,37
15,0,8,7
40,0,37,27
32,2,16,16
37,1,18,17
37,0,13,11
23,0,15,16
49,0,25,27
47,0,21,16
32,0,26,11
41,0,31,30
37,0,46,28
32,0,35,26
30,0,27,28
31,0,29,30
38,0,0,42
44,0,44,37
58,0,0,59
20,4,0,14
30,0,54,15
37,0,21,26
32,0,23,25
40,0,27,23
28,0,0,47
38,0,17,19
48,0,20,21
64,0,37,34
37,0,8,15
41,0,18,24
16,0,26,17
20,0,11,5
44,0,10,7
63,0,53,19
32,0,16,5
45,1,20,19
12,0,1,43
48,0,48,48
32,0,39,15
32,0,0,55
47,0,23,35
42,0,24,21
31,0,32,23
53,0,31,20
56,0,28,20
39,0,44,44
39,1,38,36
14,0,0,44
41,0,27,19
47,0,26,25
56,0,26,27
22,0,14,19
25,0,15,18
40,11,1,75
37,0,30,26
48,0,47,30
29,0,38,21
40,1,32,16
43,0,14,22
53,1,22,34
41,0,25,34
35,0,12,6
38,0,15,16
39,0,0,57
49,33,0,4
18,0,0,38
22,0,6,8
34,0,15,28
64,0,70,7
39,0,15,13
61,0,46,11
46,0,55,52
46,0,0,76
42,0,5,7
49,0,40,25
44,0,33,18
42,1,18,21
49,1,0,32
31,0,44,38
36,0,16,15
44,0,39,43
32,1,35,33
36,0,24,24
20,0,0,31
32,0,5,12
40,0,30,15
40,0,48,31
45,0,45,58
40,0,28,18
36,0,24,34
33,0,13,15
50,1,18,28
29,0,45,32
42,0,33,31
43,0,35,37
35,0,34,34
32,0,38,28
53,0,33,44
32,0,19,18
45,0,36,17
49,0,29,37
46,0,28,41
56,0,19,11
38,0,30,12
35,0,41,57
35,0,32,36
43,0,32,37
44,0,32,34
57,0,35,42
26,0,1,114
32,0,0,98
29,0,0,5
45,0,62,38
38,0,54,30
32,1,20,42
32,0,26,20
40,0,55,44
47,0,45,37
38,0,57,57
45,0,42,48
43,0,21,30
38,0,26,20
28,0,0,36
51,0,12,20
49,0,0,64
41,0,45,43
42,0,51,38
51,0,28,42
48,0,24,32
50,1,17,40
42,0,27,21
49,0,20,47
41,0,28,18
46,0,42,36
52,0,51,35
61,0,27,33
39,0,31,34
32,0,23,35
27,0,32,33
50,1,38,33
52,0,37,32
52,0,28,23
41,0,34,42
43,0,36,37
42,0,28,40
48,0,42,37
51,0,41,43
46,0,40,35
38,0,16,14
51,0,40,30
46,0,25,30
42,0,23,24
32,1,0,73
34,0,18,28
34,0,24,31
43,0,1,94
51,0,0,79
43,0,21,20
48,0,41,31
47,0,37,31
30,0,0,107
39,0,33,34
36,0,27,28
65,225,0,58
85,0,142,204
41,0,39,111
43,0,28,72
82,337,0,48
86,337,0,14
25,0,8,18
50,0,0,62
28,0,0,58
38,0,33,35
46,0,30,41
48,0,33,41
51,0,33,24
45,0,34,25
45,0,39,61
36,0,30,29
62,0,34,46
40,0,42,34
50,0,32,41
36,0,27,26
61,0,43,27
49,0,61,47
48,0,61,47
40,0,33,32
53,0,32,18
37,0,44,34
38,0,0,113
37,0,1,91
35,0,0,78
37,0,0,91
37,0,0,91
46,0,1,73
33,0,0,91
58,0,34,43
44,0,40,48
49,1,39,40
38,0,42,47
42,0,42,44
55,0,53,50
36,0,40,34
47,0,0,81
53,0,44,41
47,0,52,51
47,0,35,30
43,0,32,27
46,0,33,25
38,0,21,17
29,0,38,43
41,0,0,49
33,1,23,22
48,0,31,18
36,0,26,28
34,1,46,51
37,0,47,39
48,1,34,34
53,0,31,26
40,0,25,42
46,0,24,42
44,0,39,58
42,0,27,42
66,0,45,31
56,0,57,27
40,0,33,48
48,0,25,92
42,0,28,19
49,0,17,43
26,0,13,12
62,0,11,24
49,0,25,22
30,0,18,18
32,0,22,17
23,0,16,11
27,0,9,21
51,0,38,36
49,0,40,34
35,0,31,33
62,3,84,26
62,1,84,26
96,0,114,39
40,0,36,27
68,0,129,54
52,0,27,31
41,0,43,39
42,0,31,29
44,0,16,19
57,0,0,76
42,0,13,17
24,0,26,29
38,0,7,10
49,0,18,27
29,0,9,8
38,0,15,17
48,0,54,37
48,0,20,31
51,0,29,24
31,0,0,49
52,0,32,36
45,0,42,23
48,0,21,24
56,0,2,58
56,0,27,46
34,0,11,12
46,0,18,14
41,0,22,16
44,0,24,15
31,0,21,7
50,0,153,15
30,0,106,20
33,0,98,18
48,0,39,52
51,0,37,11
58,0,36,64
57,0,37,62
63,0,38,65
36,0,51,18
39,0,51,7
41,0,47,11
45,0,65,11
51,0,39,48
38,0,67,19
29,1,65,17
46,0,68,14
37,0,63,12
46,0,55,13
44,0,51,12
32,0,60,15
45,0,51,59
38,0,63,11
59,0,45,53
47,0,54,12
56,0,47,57
60,1,38,64
37,1,15,24
52,0,7,26
48,0,25,25
30,0,0,11
25,0,20,19
45,0,20,30
32,0,44,51
45,0,31,41
29,0,0,42
50,0,34,26
27,0,13,16
40,0,27,19
51,0,27,23
54,0,21,29
40,0,51,45
50,0,40,22
45,0,41,22
21,0,28,19
25,0,35,17
21,0,17,20
32,0,34,44
21,0,44,20
44,0,71,7
20,0,30,29
28,2,32,31
37,1,34,27
32,0,14,10
23,1,17,15
52,0,23,22
26,0,19,24
30,45,0,10
33,0,26,26
35,0,65,8
35,0,68,8
48,0,31,36
29,0,26,21
53,0,43,25
88,0,79,30
79,0,69,36
29,0,39,29
48,0,16,13
60,0,38,25
30,0,34,24
39,0,29,28
48,0,32,40
36,0,32,32
26,0,29,34
43,0,65,4
35,74,0,8
46,0,1,52
47,0,21,20
28,0,22,6
35,0,8,7
17,0,0,33
42,0,0,38
29,1,11,20
37,0,2,31
42,0,1,41
44,0,29,23
41,0,17,13
38,24,0,2
34,0,23,24
51,0,45,35
21,0,22,11
41,0,79,2
67,0,127,45
23,0,15,16
64,0,20,29
18,0,6,7
24,1,4,6
35,0,9,5
48,0,32,17
32,0,34,41
67,0,81,27
30,0,10,13
44,0,29,52
24,0,1,66
30,0,28,29
52,0,29,27
50,0,56,33
41,0,7,10
35,0,40,36
47,0,0,33
43,0,33,39
30,0,12,17
50,0,47,37
41,0,24,43
36,0,37,26
54,0,0,73
30,1,31,31
51,0,38,28
48,0,32,22
31,0,22,25
49,0,20,18
45,0,21,20
38,0,17,12
42,0,22,19
14,17,0,6
33,16,0,54
49,0,39,22
36,0,32,34
42,0,0,22
32,0,8,16
19,0,15,8
48,0,15,14
43,0,25,9
53,0,29,29
48,0,32,34
38,0,14,22
36,0,12,9
51,0,28,15
19,0,32,30
37,0,16,16
42,0,23,24
15,19,0,2
26,1,23,24
43,0,26,24
52,0,34,38
68,0,34,45
37,0,0,77
33,0,9,9
21,0,35,9
53,0,33,33
28,2,16,15
30,0,24,32
39,1,41,26
50,1,33,25
21,0,5,11
57,0,27,39
52,0,25,32
32,0,60,55
51,0,90,49
40,0,45,33
46,0,16,15
32,0,28,27
47,0,0,52
47,0,15,15
31,0,9,7
35,0,23,18
53,0,35,42
32,0,22,26
31,0,28,30
56,0,74,49
39,71,0,4
49,1,30,33
41,14,0,2
23,0,23,30
51,0,20,38
24,0,20,10
24,0,20,10
40,1,0,4
37,0,14,15
32,0,14,15
33,27,0,5
33,0,0,26
36,0,8,13
46,0,0,26
38,0,11,19
21,0,8,15
37,0,41,40
36,0,17,8
29,0,14,8
48,0,14,16
29,0,11,11
49,0,0,33
51,0,39,37
33,40,0,13
22,0,23,32
29,0,4,13
19,9,0,2
38,52,0,4
44,0,0,37
51,0,70,117
35,0,14,11
32,0,49,31
59,0,16,25
30,0,120,39
39,0,13,11
35,0,15,15
44,0,10,13
39,0,14,16
41,0,19,13
40,0,28,28
37,0,52,44
53,0,14,31
38,0,0,53
50,0,1,61
53,0,0,48
46,0,28,35
44,0,28,40
46,0,28,34
40,0,42,5
30,0,36,26
35,0,18,8
42,0,16,15
39,0,18,5
32,0,44,60
31,22,0,3
37,0,15,19
37,0,15,19
21,0,13,10
40,0,21,15
28,0,19,21
37,0,32,37
27,0,27,29
51,0,29,27
39,0,23,28
35,0,17,45
27,17,0,3
49,0,76,3
24,0,0,35
25,0,28,7
40,0,26,18
68,0,21,20
23,0,0,3
26,0,0,11
34,1,0,21
28,0,35,8
28,0,9,17
50,0,41,30
53,0,78,35
35,0,81,42
55,0,34,30
35,0,18,14
49,0,26,34
27,0,0,20
14,0,13,7
28,0,24,29
53,0,33,33
56,0,24,26
48,0,46,55
43,0,36,45
43,0,13,8
31,0,21,15
65,0,14,9
50,7,28,34
21,0,21,17
35,28,0,11
46,42,0,14
47,0,36,20
39,0,38,16
25,0,18,11
44,0,15,12
25,0,18,10
20,0,19,20
59,0,14,16
45,0,9,5
31,0,8,10
48,0,51,14
56,0,72,16
36,0,18,14
23,0,12,7
36,0,23,17
40,1,25,25
42,1,36,45
51,1,31,44
32,0,31,22
44,0,34,24
25,0,45,14
66,0,103,23
9,0,0,12
40,0,15,18
46,42,0,4
38,0,13,7
42,0,106,15
38,0,27,25
54,93,0,4
47,0,38,48
24,0,10,19
36,0,20,17
22,0,9,9
44,0,19,13
38,0,12,23
36,0,16,12
62,0,37,45
57,0,14,24
40,0,15,13
36,0,16,9
32,0,11,22
41,0,40,50
42,0,28,30
46,0,9,19
28,0,15,45
58,0,21,15
49,37,0,18
43,0,26,29
26,0,25,55
50,0,0,16
43,0,18,15
59,0,21,23
48,0,25,18
56,0,38,38
40,0,22,46
44,0,37,34
32,0,31,18
36,0,24,26
44,0,14,21
29,1,33,40
36,14,0,3
46,0,28,21
48,0,26,41
36,0,14,16
40,0,8,17
54,0,14,14
23,0,33,26
59,0,32,22
41,0,1,51
33,0,40,40
42,0,0,68
51,0,38,57
44,0,40,42
36,0,43,33
37,0,36,37
35,0,31,26
42,0,16,13
47,0,9,9
25,0,25,20
26,0,12,8
39,0,5,11
39,0,9,14
34,0,23,11
59,0,22,19
44,0,30,17
12,0,0,15
34,39,0,4
45,0,59,22
21,0,44,22
19,0,7,12
43,0,31,32
47,0,2,49
20,0,13,7
32,0,22,18
42,0,0,79
36,0,27,18
41,0,48,42
41,0,10,13
41,0,7,14
23,1,11,16
27,0,18,10
33,0,15,12
57,0,40,59
37,0,28,43
56,1,11,15
28,0,29,34
22,0,0,4
17,0,0,61
22,45,0,8
22,45,0,8
59,0,14,9
49,0,15,18
60,0,0,45
18,0,11,6
30,0,7,6
30,0,24,23
38,0,22,24
23,0,0,28
29,0,0,16
42,0,34,30
24,0,28,31
33,0,15,18
56,0,25,31
40,53,0,4
51,0,28,31
37,0,16,21
30,0,14,11
50,0,0,45
38,0,46,44
21,0,36,18
35,1,25,39
57,0,44,46
34,0,11,10
35,0,12,6
42,0,24,22
54,1,39,29
49,0,0,54
49,0,33,23
32,1,26,39
38,2,9,2
33,0,0,47
28,60,0,4
51,2,10,24
40,0,20,25
51,0,14,23
49,0,23,14
44,60,0,4
17,0,3,7
49,0,12,10
26,0,11,14
51,0,23,10
38,0,23,20
19,0,7,11
20,0,16,20
41,0,12,26
45,0,0,66
40,0,12,27
37,0,11,15
38,0,16,15
45,0,6,16
31,0,6,15
24,1,26,29
53,0,9,4
46,0,6,13
39,0,55,55
18,0,17,15
32,1,10,4
48,0,0,128
44,0,0,55
54,49,1,4
60,0,32,27
60,0,26,33
52,0,73,38
45,0,142,52
30,1,16,35
32,0,26,58
22,2,0,22
36,0,14,15
53,0,82,4
46,0,36,15
52,0,39,31
56,0,27,20
20,1,11,7
38,0,19,22
28,0,18,15
56,0,29,18
40,0,44,47
42,0,37,64
42,51,0,14
36,0,1,92
48,0,1,119
20,1,13,46
39,0,17,38
32,0,14,59
37,0,15,48
25,0,6,32
57,0,31,41
18,0,9,13
19,4,0,29
42,0,0,71
47,0,26,24
59,0,33,47
40,0,20,33
16,0,0,19
48,0,24,16
47,0,20,39
43,1,25,31
43,0,21,31
46,0,34,44
48,0,0,98
31,0,42,35
44,0,61,30
35,1,40,28
6,0,0,26
12,0,0,33
17,0,0,18
33,0,11,10
24,0,13,8
28,0,28,32
33,0,24,33
49,0,24,18
26,0,12,10
32,0,8,21
27,0,11,9
25,0,18,18
52,0,10,13
43,0,0,83
64,0,16,30
29,0,0,94
51,0,0,67
37,0,46,31
55,0,32,38
37,0,15,17
30,0,14,21
16,0,10,11
39,0,0,71
36,0,17,15
15,29,0,3
27,0,24,25
45,56,1,4
40,0,33,30
53,0,43,36
50,0,4,43
47,0,9,36
55,98,0,5
52,0,41,36
30,0,22,19
33,0,26,28
36,0,19,17
45,0,28,48
15,0,0,11
42,0,28,29
35,0,38,13
37,0,35,15
39,0,20,16
14,0,6,3
46,0,20,10
27,0,10,22
31,0,16,12
50,0,50,47
37,0,14,13
23,0,0,64
48,0,62,4
41,0,47,47
24,0,14,37
32,0,30,36
39,0,26,36
49,0,42,16
43,0,41,27
60,0,2,23
34,0,0,11
29,0,0,47
41,0,26,4
39,0,26,8
39,0,29,34
36,0,0,57
41,0,24,17
44,42,1,3
38,0,25,21
39,0,2,56
49,0,34,25
45,0,0,102
51,0,17,31
21,0,32,32
33,0,9,11
41,0,21,26
27,0,27,19
44,0,21,21
43,1,21,9
45,0,19,8
37,0,2,24
48,0,0,23
48,0,19,17
31,0,16,13
50,0,40,36
39,0,26,36
54,0,49,37
46,0,17,20
25,0,0,24
30,0,0,21
30,6,0,14
22,0,19,17
29,0,8,13
25,0,21,15
47,0,20,14
39,0,27,29
36,0,42,49
47,0,14,16
42,98,0,8
36,0,20,13
18,0,0,34
30,0,12,20
27,0,16,16
33,0,0,19
26,0,14,18
17,0,6,9
48,0,26,22
42,0,0,64
17,0,14,18
39,0,49,59
32,0,15,13
34,0,13,16
52,0,24,22
22,0,5,12
32,0,21,18
23,0,27,28
27,0,16,14
29,0,17,15
24,0,25,30
23,0,32,29
40,0,18,14
56,0,4,46
19,0,8,9
39,0,47,3
19,0,11,16
48,0,71,54
41,0,61,47
44,0,47,41
38,0,46,40
40,0,27,23
37,0,34,31
40,0,24,22
29,0,30,25
37,0,46,37
44,0,42,40
29,0,13,7
52,0,1,20
52,1,25,19
30,0,26,30
41,0,0,37
46,0,0,61
50,1,28,15
21,1,23,15
47,0,25,26
40,0,17,14
52,0,23,20
51,0,17,23
29,0,8,7
36,0,23,23
41,0,8,6
43,0,10,6
41,0,39,28
43,0,14,20
23,0,15,27
30,0,15,8
39,0,32,19
40,0,16,9
26,0,13,16
29,0,12,16
36,1,14,15
43,0,20,26
44,0,27,21
45,0,0,51
27,1,37,44
38,0,27,38
27,0,13,15
12,2,0,10
44,0,13,14
48,0,0,42
57,0,38,45
42,0,36,18
35,0,21,25
42,0,11,10
30,35,0,3
41,0,14,8
33,0,0,50
44,0,0,45
40,0,0,46
47,0,0,25
40,1,18,18
40,0,34,44
38,0,1,27
40,0,17,9
34,0,7,7
47,0,0,60
39,0,38,34
62,0,0,60
69,0,0,53
56,0,0,53
32,0,0,73
54,0,0,64
38,0,41,26
51,0,0,64
36,0,0,92
30,0,15,18
39,0,0,47
42,0,31,30
37,0,37,30
65,0,29,29
37,0,24,29
38,0,25,27
21,0,7,14
57,0,5,9
26,0,47,59
46,0,30,21
35,0,36,39
46,0,41,50
61,0,51,57
37,0,0,23
48,0,41,42
38,0,21,14
33,0,13,12
37,0,20,21
28,0,13,10
50,73,0,4
47,0,30,22
63,0,35,33
43,0,51,41
52,0,46,40
37,0,43,44
54,0,31,29
32,0,32,23
39,1,16,16
51,1,16,35
15,0,15,9
62,0,30,21
42,1,57,52
12,0,0,19
33,0,17,2
45,0,42,33
63,0,41,44
56,0,47,42
32,0,26,16
40,0,12,18
20,0,8,12
26,0,10,9
42,0,20,20
24,0,2,8
32,0,16,12
35,0,8,6
38,0,17,28
44,0,18,13
41,0,10,17
31,1,34,31
51,0,14,25
42,0,23,20
36,0,26,23
35,0,22,40
45,0,24,20
38,0,64,5
33,0,44,26
42,0,23,35
43,0,27,40
44,0,32,24
43,0,38,41
20,7,0,3
31,0,34,18
25,0,21,11
39,0,17,14
40,0,15,7
31,1,10,20
44,0,36,26
34,0,10,11
32,0,15,15
43,0,8,12
39,0,10,18
36,0,15,24
28,0,37,39
45,0,40,43
41,0,19,33
47,0,22,21
46,0,18,43
40,0,8,4
16,0,9,9
42,0,19,17
32,0,11,18
32,0,14,16
43,0,9,10
40,0,9,13
38,0,13,15
29,0,15,19
49,1,24,28
39,0,22,21
39,0,11,18
41,0,1,14
32,0,4,18
56,0,50,51
42,0,16,25
38,0,22,12
47,50,0,4
40,0,11,23
36,0,22,27
47,0,25,30
39,0,23,12
40,41,0,3
25,0,44,41
48,0,12,10
29,0,16,16
27,0,31,20
33,0,24,23
36,0,16,11
76,0,71,32
39,0,8,19
49,0,14,7
27,0,18,14
54,0,29,27
54,0,41,42
30,28,0,4
32,0,8,11
49,0,36,32
36,0,33,30
37,1,58,68
33,0,53,44
44,0,0,71
40,0,36,33
38,0,15,13
37,0,27,21
57,0,1,51
47,0,36,28
47,0,36,26
30,0,13,17
60,0,35,32
44,0,37,35
32,0,12,21
46,0,18,16
41,0,48,42
47,0,0,87
53,0,32,37
55,0,30,30
44,0,36,46
39,0,0,77
44,0,38,43
62,0,25,26
40,0,20,22
42,0,0,49
47,70,0,4
49,0,15,18
25,0,9,11
54,0,11,11
53,0,32,44
44,0,34,50
46,0,42,38
39,0,6,7
47,0,27,42
50,0,0,111
41,0,23,13
40,0,9,12
25,0,41,42
35,1,0,64
38,0,49,48
45,0,30,26
29,0,31,34
36,0,24,24
43,0,18,25
39,0,48,47
17,0,6,10
56,0,0,41
24,0,38,39
50,0,42,26
61,0,0,25
39,0,57,52
44,0,83,4
31,5,7,20
34,40,0,3
34,0,24,23
33,0,18,13
42,0,23,14
28,0,13,7
29,0,65,17
62,0,20,31
41,0,8,9
50,0,0,57
44,0,25,20
46,0,5,10
48,0,26,28
43,0,50,48
40,0,46,47
35,0,46,36
39,0,34,47
46,0,37,8
50,1,29,9
44,0,41,6
67,9,34,38
50,0,29,5
63,0,47,7
55,3,27,19
55,3,25,17
53,0,49,46
50,2,79,26
47,0,36,19
23,0,18,10
48,0,24,17
42,0,7,14
44,0,18,13
44,0,18,13
20,0,28,15
72,0,43,37
47,0,18,26
37,0,24,5
37,35,0,3
48,0,14,11
33,0,17,17
23,0,24,31
28,0,23,27
35,0,24,19
35,0,28,23
48,1,34,23
43,0,28,34
30,0,24,28
39,0,0,18
36,0,13,13
61,0,24,24
27,0,14,11
17,0,34,35
38,1,16,25
46,0,19,14
47,0,25,20
61,0,33,45
20,0,17,17
46,0,0,33
41,0,15,20
50,0,39,44
39,0,2,14
34,0,15,29
30,0,34,27
24,0,5,5
26,0,0,23
38,0,13,17
31,0,19,20
36,0,57,53
65,0,17,23
46,0,11,23
46,0,11,13
59,0,67,72
23,0,0,21
41,0,15,27
44,0,52,47
34,0,20,26
29,0,40,38
27,0,24,15
10,0,6,3
47,0,0,47
34,0,1,88
37,0,0,81
25,0,11,15
39,0,36,34
32,0,51,50
14,0,1,27
43,0,25,32
54,0,15,19
47,0,18,23
37,0,13,19
44,0,49,45
44,0,21,25
45,0,33,30
59,0,32,28
70,0,43,29
38,0,32,42
47,0,0,42
60,0,0,58
44,0,17,17
50,0,0,72
32,0,0,58
29,60,0,5
37,0,14,11
33,0,16,17
32,4,0,10
31,0,20,14
35,0,12,22
29,0,46,2
52,0,38,35
48,0,33,53
25,0,5,14
38,0,27,31
44,0,18,28
49,0,14,21
48,0,40,7
35,0,0,18
35,0,31,24
18,0,4,7
15,0,18,13
33,0,10,9
41,0,58,33
53,0,22,12
30,0,22,22
52,0,0,37
41,0,29,17
31,0,7,19
40,0,28,17
30,0,22,34
34,0,42,19
49,0,42,29
50,1,52,29
23,0,13,8
22,0,3,8
27,0,0,18
34,0,17,8
29,0,0,65
58,0,30,23
49,0,27,32
34,0,20,26
31,0,0,29
28,0,16,13
38,0,42,20
28,0,8,2
26,0,0,11
56,0,29,24
42,1,36,24
42,0,1,29
34,1,28,22
35,0,18,28
27,0,7,5
41,0,54,39
32,0,0,38
32,0,48,32
22,0,12,16
30,0,20,26
31,0,24,22
42,0,22,14
26,0,0,33
35,0,0,25
27,0,17,19
36,0,0,31
35,0,0,17
30,0,0,25
24,1,0,33
36,0,0,30
49,0,17,25
43,0,19,16
48,0,15,26
36,0,16,12
43,1,15,31
48,0,24,33
43,0,26,40
51,1,30,44
46,0,37,38
50,5,0,29
42,0,12,32
39,0,0,34
42,0,23,28
44,91,0,5
124,0,87,35
19,0,12,6
50,0,22,14
58,0,0,22
32,0,0,53
37,0,0,40
46,0,25,19
39,0,0,49
60,0,41,36
23,0,34,39
47,0,18,84
37,62,0,160
65,0,0,93
50,0,40,32
18,0,45,42
40,1,32,30
29,0,38,23
36,0,0,72
25,0,47,47
49,70,0,31
43,90,0,13
42,0,43,67
52,0,107,13
51,0,106,13
59,0,0,28
33,0,92,21
27,0,3,68
36,0,0,77
52,0,39,41
58,0,26,30
26,0,48,14
34,0,0,3
39,3,0,9
50,0,26,32
43,0,20,30
37,0,20,12
34,0,14,10
36,0,44,25
35,0,25,36
63,0,41,41
39,0,36,39
57,0,35,29
38,0,36,37
22,0,23,35
35,0,28,31
71,0,42,28
46,0,0,75
31,0,28,20
38,0,31,30
58,0,33,25
40,1,0,60
46,0,0,25
22,0,6,8
59,0,9,10
39,0,7,13
22,0,8,15
37,1,33,29
44,0,23,19
50,0,61,25
38,0,39,37
31,0,10,6
16,0,5,3
48,0,31,33
35,0,44,32
34,105,0,11
49,0,16,13
62,0,27,26
47,0,33,19
53,0,23,14
32,0,17,13
37,0,17,25
39,0,53,53
38,0,34,47
36,0,17,27
49,0,13,21
40,0,9,15
33,0,13,15
53,0,30,19
40,0,19,21
41,5,0,14
20,0,35,20
53,0,28,40
26,18,0,7
36,0,21,13
41,0,30,28
36,1,20,13
49,0,32,27
40,0,31,29
41,0,31,31
36,0,33,23
45,1,17,12
29,0,13,6
30,0,0,26
47,0,14,18
43,0,18,18
46,0,15,38
31,0,5,18
41,0,37,27
43,0,43,40
37,0,40,45
43,0,42,41
55,0,36,48
47,1,34,44
41,0,39,34
37,0,36,41
56,0,51,52
45,0,34,40
36,0,39,32
42,0,55,4
38,0,42,28
30,1,40,36
31,24,0,9
56,0,21,21
47,0,8,10
38,0,18,18
42,0,40,2
46,0,32,29
48,0,32,42
26,0,12,18
28,0,13,17
39,0,37,11
37,0,25,27
37,47,0,4
39,0,14,13
37,0,16,10
50,0,35,56
33,0,51,31
46,0,33,44
55,0,22,19
47,0,39,39
34,0,29,24
34,0,42,19
39,1,48,25
41,0,37,37
46,0,34,47
40,0,0,86
28,0,47,40
41,0,0,86
47,0,78,70
40,0,51,37
34,0,41,47
40,0,50,38
26,0,22,33
34,0,0,25
53,0,18,16
37,0,11,12
19,0,14,8
22,0,13,16
28,0,11,16
37,0,36,12
42,0,3,13
46,0,79,4
44,0,0,46
35,0,27,22
49,0,16,26
43,1,47,35
46,0,41,62
35,0,53,32
47,1,89,24
33,0,14,22
69,0,0,92
66,0,0,56
50,0,34,36
44,0,12,22
60,0,47,45
41,0,45,40
15,0,0,19
47,0,36,31
35,0,8,8
44,0,18,15
39,0,26,33
17,0,7,10
37,0,31,23
43,0,1,84
44,0,0,22
43,0,31,16
25,0,11,17
38,0,25,26
57,0,57,50
42,1,12,22
34,0,59,5
49,0,23,27
41,0,20,18
23,1,16,10
42,0,23,32
57,0,41,39
31,0,6,5
46,0,0,49
46,0,42,43
42,0,19,5
42,0,19,5
27,0,17,4
27,0,17,4
31,0,18,15
31,0,18,17
34,0,0,52
31,0,1,59
34,0,0,39
43,0,20,14
37,0,28,33
22,0,25,20
22,1,11,13
33,0,14,9
33,0,39,30
30,0,23,18
32,0,35,31
30,0,22,19
29,0,19,23
34,0,25,30
37,0,46,50
36,0,45,45
42,0,52,36
42,0,0,52
40,0,14,15
41,0,47,4
48,0,8,6
32,0,9,20
47,1,24,22
34,0,15,17
24,0,14,17
37,0,15,23
27,27,0,4
48,0,0,31
33,0,0,39
39,0,0,50
38,0,0,43
37,0,20,24
31,0,23,22
42,0,38,44
51,0,4,45
39,0,27,38
19,0,21,13
49,0,33,51
23,0,25,20
41,0,19,21
38,0,11,20
39,0,15,18
35,0,30,33
56,0,39,34
57,0,31,26
59,0,38,41
38,0,14,39
43,0,33,36
32,0,31,30
35,0,21,23
45,0,32,34
42,0,33,29
55,0,35,33
51,0,25,31
43,0,33,12
40,0,30,30
35,152,0,6
30,0,0,30
31,0,7,9
36,0,11,9
46,0,9,14
26,0,5,12
45,0,17,12
37,0,40,41
38,0,34,43
56,0,38,43
61,1,35,21
40,1,38,40
59,0,33,52
23,0,4,4
48,0,61,37
30,0,0,22
49,0,13,13
36,0,11,11
25,0,20,12
24,0,0,25
48,0,20,21
65,0,69,41
50,0,31,29
41,0,34,26
41,1,0,44
32,0,25,21
48,0,32,20
42,0,13,10
45,0,18,20
56,0,0,76
16,0,15,14
21,0,15,11
33,0,27,51
32,0,18,25
46,0,21,20
47,0,35,24
48,75,0,4
31,0,57,53
44,0,48,106
48,0,35,45
45,1,9,10
22,0,3,5
33,0,1,4
27,0,1,4
42,0,13,6
35,0,3,36
31,0,1,30
23,1,20,18
41,0,33,4
21,0,9,10
66,0,33,25
29,29,0,2
41,0,24,34
44,0,23,26
35,0,0,34
38,0,13,16
35,0,0,33
20,0,26,38
49,0,20,25
43,0,19,26
25,0,18,11
51,0,17,25
61,1,20,22
40,0,23,23
65,0,30,36
39,0,33,31
34,0,39,42
58,0,39,20
48,0,22,26
34,1,21,11
48,0,0,69
47,0,23,35
55,0,26,48
39,77,0,4
35,0,15,14
39,0,36,28
53,0,48,48
48,0,36,31
37,0,27,33
60,0,22,32
38,0,30,32
37,0,0,56
39,0,36,33
48,0,27,25
38,0,30,20
44,0,38,28
48,0,15,13
35,38,1,4
48,0,0,47
31,0,6,6
46,0,37,25
36,0,25,22
43,0,26,28
35,0,0,36
39,0,24,11
25,22,0,3
50,0,41,31
47,0,56,52
27,0,24,23
45,0,26,38
43,0,0,59
45,0,23,27
39,0,19,19
47,0,45,36
49,0,47,35
47,0,24,23
45,0,21,26
34,1,17,41
52,2,34,25
59,0,42,28
35,0,33,30
47,0,44,39
27,0,26,10
47,0,44,39
50,1,35,34
47,0,42,32
49,0,44,38
48,1,52,44
61,0,14,27
23,0,11,8
27,0,3,5
50,0,24,30
54,0,14,10
41,0,37,43
35,0,27,16
49,0,17,16
48,0,26,22
57,0,21,23
45,0,17,31
52,0,33,35
29,0,24,25
55,0,19,21
49,0,19,19
32,0,21,26
50,0,20,24
47,0,21,23
51,0,18,25
47,0,28,24
54,0,26,21
43,0,39,29
40,0,31,22
45,0,30,27
54,0,26,10
42,1,25,19
42,0,41,5
17,0,14,12
46,0,50,11
35,0,63,11
54,0,0,36
45,49,0,4
21,0,0,57
46,0,0,34
46,0,0,34
43,0,59,6
50,0,25,12
41,0,24,32
39,0,31,8
48,0,14,14
29,0,23,17
44,0,18,27
53,0,30,25
58,1,43,7
43,0,45,51
42,0,42,32
49,0,29,24
35,0,24,3
37,1,26,15
63,0,31,30
71,0,53,11
68,1,57,21
55,0,42,29
39,0,78,12
31,0,40,10
32,0,18,6
56,1,63,12
28,0,70,12
57,0,77,13
51,0,29,5
59,0,72,12
51,2,26,13
55,0,78,12
47,1,27,6
48,2,25,8
46,4,23,10
45,0,29,24
53,0,26,14
50,0,28,27
36,0,21,10
60,0,14,19
58,0,37,26
52,0,31,30
51,0,33,31
29,0,12,25
45,0,35,28
63,0,24,21
38,0,32,20
41,0,29,18
35,0,0,25
36,0,0,16
32,0,18,9
33,0,13,8
27,0,15,9
29,1,10,4
62,0,33,21
58,0,38,30
45,0,24,31
38,1,13,29
53,0,25,30
52,0,27,28
36,0,21,10
29,0,26,7
51,0,0,60
30,0,0,60
45,1,35,26
39,0,72,56
40,0,70,57
40,0,33,13
56,0,32,26
49,1,53,8
32,45,0,2
43,0,7,31
46,1,27,7
68,0,0,63
35,0,15,11
39,0,15,11
60,0,36,37
41,0,36,45
40,1,42,39
46,0,0,61
40,1,0,57
33,0,47,31
53,0,0,60
46,0,65,34
36,0,46,31
42,0,25,18
46,0,12,21
50,0,23,14
48,0,45,27
40,0,16,11
36,1,32,22
52,0,23,27
48,1,24,31
34,0,26,22
33,0,22,30
